,ds,wind,precipitation,temp,pressure
0,2018-01-01,1.6,4.42,4.28,90.36
1,2018-01-02,4.56,4.45,2.18,90.12
2,2018-01-03,1.93,0.08,2.55,90.54
3,2018-01-04,0.92,0.0,1.97,90.48
4,2018-01-05,1.6,0.12,2.06,90.19
5,2018-01-06,4.14,0.63,3.8,90.77
6,2018-01-07,1.58,0.26,3.36,91.78
7,2018-01-08,2.97,0.01,3.32,91.83
8,2018-01-09,5.38,0.88,3.02,91.25
9,2018-01-10,6.07,0.46,-0.64,91.39
10,2018-01-11,1.81,0.81,-1.18,91.23
11,2018-01-12,1.98,0.17,1.72,90.73
12,2018-01-13,1.92,1.46,1.39,91.08
13,2018-01-14,3.13,3.06,-2.43,91.27
14,2018-01-15,1.01,0.31,-2.31,91.47
15,2018-01-16,1.35,0.11,-2.94,91.42
16,2018-01-17,1.25,0.16,-2.72,90.71
17,2018-01-18,1.89,1.77,-0.85,90.03
18,2018-01-19,1.74,0.47,2.07,90.02
19,2018-01-20,3.33,0.08,2.53,90.82
20,2018-01-21,1.84,0.0,2.05,90.96
21,2018-01-22,1.53,0.0,2.4,90.42
22,2018-01-23,1.18,0.01,3.28,90.14
23,2018-01-24,4.02,0.39,2.06,90.68
24,2018-01-25,2.47,2.96,-0.57,91.29
25,2018-01-26,2.28,1.47,-1.47,91.39
26,2018-01-27,1.76,1.11,-1.67,91.71
27,2018-01-28,1.89,0.11,-3.16,92.11
28,2018-01-29,0.85,0.03,-4.1,91.56
29,2018-01-30,3.89,0.11,-0.51,90.97
30,2018-01-31,4.44,1.7,0.51,90.74
31,2018-02-01,5.96,0.58,-0.87,91.16
32,2018-02-02,1.33,0.0,0.85,91.51
33,2018-02-03,1.64,0.0,3.23,91.31
34,2018-02-04,0.59,0.01,3.92,91.13
35,2018-02-05,4.03,0.42,5.86,90.72
36,2018-02-06,2.25,0.32,4.33,91.33
37,2018-02-07,0.98,0.08,4.94,91.82
38,2018-02-08,2.26,0.0,2.51,91.74
39,2018-02-09,1.67,0.68,1.77,90.94
40,2018-02-10,1.59,0.4,2.92,90.79
41,2018-02-11,2.59,0.12,1.9,90.62
42,2018-02-12,3.31,1.15,4.05,89.99
43,2018-02-13,1.73,1.75,3.57,90.32
44,2018-02-14,2.54,1.17,2.86,90.97
45,2018-02-15,1.3,0.04,2.74,91.58
46,2018-02-16,2.29,0.01,1.34,91.83
47,2018-02-17,1.62,0.0,2.8,91.22
48,2018-02-18,1.33,2.3,2.83,90.59
49,2018-02-19,2.78,1.75,2.85,90.63
50,2018-02-20,1.06,0.14,2.87,90.84
51,2018-02-21,1.73,0.23,1.89,90.91
52,2018-02-22,0.91,0.06,3.98,90.67
53,2018-02-23,1.28,0.01,3.93,90.55
54,2018-02-24,2.08,0.0,5.13,90.23
55,2018-02-25,1.02,0.01,5.66,90.01
56,2018-02-26,3.25,0.93,3.95,90.12
57,2018-02-27,2.66,0.11,1.91,90.55
58,2018-02-28,2.07,0.01,5.83,90.65
59,2018-03-01,2.78,1.42,4.14,90.51
60,2018-03-02,4.39,0.57,2.34,90.73
61,2018-03-03,1.04,0.03,4.67,90.57
62,2018-03-04,2.0,1.12,7.53,90.01
63,2018-03-05,5.21,1.72,5.69,90.05
64,2018-03-06,3.11,0.24,4.15,90.78
65,2018-03-07,1.68,0.34,6.84,90.6
66,2018-03-08,2.21,1.71,9.2,90.01
67,2018-03-09,5.69,6.44,7.05,89.5
68,2018-03-10,6.66,0.69,4.59,90.44
69,2018-03-11,4.12,0.2,4.08,90.58
70,2018-03-12,2.14,2.37,4.05,90.81
71,2018-03-13,2.92,0.26,2.47,91.06
72,2018-03-14,2.55,0.15,4.02,90.79
73,2018-03-15,1.58,0.37,6.91,90.4
74,2018-03-16,2.44,0.33,7.28,90.28
75,2018-03-17,1.59,2.05,6.42,90.63
76,2018-03-18,2.22,0.0,10.71,90.62
77,2018-03-19,1.66,0.0,12.31,90.5
78,2018-03-20,2.17,0.03,14.81,90.39
79,2018-03-21,5.8,0.56,8.95,90.64
80,2018-03-22,2.93,0.02,9.02,90.72
81,2018-03-23,2.33,0.59,10.57,90.39
82,2018-03-24,2.45,1.16,11.56,89.81
83,2018-03-25,4.41,0.77,8.9,90.58
84,2018-03-26,1.13,0.45,8.9,91.32
85,2018-03-27,2.16,0.07,10.41,90.83
86,2018-03-28,2.98,0.01,12.24,90.71
87,2018-03-29,1.99,2.61,12.79,90.14
88,2018-03-30,5.35,5.13,9.22,90.16
89,2018-03-31,3.7,0.58,6.79,91.3
90,2018-04-01,2.54,0.01,6.88,91.41
91,2018-04-02,1.72,0.25,9.68,90.61
92,2018-04-03,5.39,2.66,7.64,90.82
93,2018-04-04,5.4,0.89,6.46,91.13
94,2018-04-05,1.65,0.01,6.99,91.19
95,2018-04-06,2.23,0.0,8.37,91.09
96,2018-04-07,2.5,0.0,9.1,91.32
97,2018-04-08,1.92,0.0,11.85,91.28
98,2018-04-09,3.12,0.0,10.64,91.65
99,2018-04-10,2.96,0.0,9.07,91.51
100,2018-04-11,1.59,0.01,12.63,90.92
101,2018-04-12,1.3,0.35,16.9,90.57
102,2018-04-13,1.21,1.39,12.42,90.66
103,2018-04-14,1.54,5.08,11.16,90.75
104,2018-04-15,1.45,1.77,7.68,91.14
105,2018-04-16,2.06,0.14,6.72,91.48
106,2018-04-17,1.78,0.0,8.56,91.33
107,2018-04-18,1.52,0.0,10.92,91.4
108,2018-04-19,2.91,0.02,11.36,90.72
109,2018-04-20,3.96,0.78,9.32,90.07
110,2018-04-21,2.98,1.34,8.84,90.2
111,2018-04-22,2.88,0.13,9.35,90.46
112,2018-04-23,5.62,0.06,10.2,90.38
113,2018-04-24,4.05,0.12,10.8,90.88
114,2018-04-25,1.64,0.0,12.17,91.25
115,2018-04-26,1.82,0.0,15.3,91.09
116,2018-04-27,2.68,0.13,15.56,91.01
117,2018-04-28,1.71,1.17,15.77,90.87
118,2018-04-29,1.78,2.01,15.46,91.18
119,2018-04-30,2.91,0.38,13.8,91.37
120,2018-05-01,2.87,0.0,12.42,91.53
121,2018-05-02,2.44,0.0,15.14,91.31
122,2018-05-03,2.07,0.0,17.4,91.01
123,2018-05-04,2.32,0.04,18.91,90.85
124,2018-05-05,2.2,0.53,18.32,90.73
125,2018-05-06,2.26,0.88,16.75,90.65
126,2018-05-07,1.06,0.25,19.89,90.39
127,2018-05-08,2.98,5.02,17.6,89.92
128,2018-05-09,2.25,3.23,15.73,89.75
129,2018-05-10,4.17,0.76,15.32,89.85
130,2018-05-11,1.61,5.59,14.36,89.94
131,2018-05-12,2.03,4.35,13.16,90.21
132,2018-05-13,2.54,1.83,12.44,90.55
133,2018-05-14,2.14,0.49,16.21,90.77
134,2018-05-15,1.97,0.24,17.38,91.06
135,2018-05-16,1.31,0.21,18.24,91.2
136,2018-05-17,1.23,0.21,18.39,91.3
137,2018-05-18,1.7,0.11,19.64,91.2
138,2018-05-19,1.21,0.65,20.68,91.07
139,2018-05-20,2.09,0.56,18.45,91.0
140,2018-05-21,1.6,3.74,17.41,91.0
141,2018-05-22,2.28,0.78,18.05,91.24
142,2018-05-23,3.85,0.42,19.81,91.27
143,2018-05-24,3.36,0.07,20.19,90.92
144,2018-05-25,2.23,0.52,21.06,90.49
145,2018-05-26,2.03,0.94,20.5,90.61
146,2018-05-27,3.27,0.96,16.84,91.39
147,2018-05-28,1.16,0.16,20.0,91.18
148,2018-05-29,2.87,9.75,15.48,91.0
149,2018-05-30,2.9,2.33,12.61,91.06
150,2018-05-31,1.17,0.2,17.06,90.49
151,2018-06-01,3.58,4.32,16.79,90.35
152,2018-06-02,2.73,4.46,14.55,90.89
153,2018-06-03,2.36,2.05,14.11,91.0
154,2018-06-04,0.92,0.58,17.61,90.53
155,2018-06-05,1.39,2.84,17.8,90.41
156,2018-06-06,3.41,0.29,20.53,90.77
157,2018-06-07,3.36,1.69,21.0,91.11
158,2018-06-08,1.13,3.41,19.61,91.08
159,2018-06-09,1.34,0.49,19.41,90.72
160,2018-06-10,0.88,1.07,19.68,90.33
161,2018-06-11,1.4,3.02,19.72,90.3
162,2018-06-12,1.93,12.74,15.93,90.47
163,2018-06-13,2.31,0.0,17.63,90.55
164,2018-06-14,2.11,0.01,20.29,90.54
165,2018-06-15,1.65,0.11,22.03,90.48
166,2018-06-16,1.82,1.82,21.07,90.35
167,2018-06-17,2.0,1.89,22.51,90.21
168,2018-06-18,1.8,2.01,21.15,90.21
169,2018-06-19,1.38,1.47,20.15,90.54
170,2018-06-20,1.2,1.78,18.71,90.89
171,2018-06-21,1.78,0.09,22.08,90.9
172,2018-06-22,1.81,0.16,21.34,90.72
173,2018-06-23,1.72,0.78,22.98,90.49
174,2018-06-24,1.04,0.1,23.85,90.69
175,2018-06-25,2.72,0.05,24.6,90.86
176,2018-06-26,2.36,0.39,24.62,90.7
177,2018-06-27,2.3,0.08,26.65,90.56
178,2018-06-28,2.93,0.0,26.72,90.51
179,2018-06-29,2.53,0.05,26.85,90.18
180,2018-06-30,2.12,0.0,28.48,90.07
181,2018-07-01,1.88,0.0,29.28,90.42
182,2018-07-02,3.38,0.0,29.58,90.82
183,2018-07-03,2.78,0.0,29.33,90.87
184,2018-07-04,2.35,0.0,29.58,90.58
185,2018-07-05,2.94,0.07,28.3,90.27
186,2018-07-06,3.55,1.88,26.31,90.13
187,2018-07-07,3.15,4.22,24.15,90.24
188,2018-07-08,1.63,2.25,23.8,90.48
189,2018-07-09,1.78,0.32,26.61,90.61
190,2018-07-10,2.42,0.0,28.02,90.74
191,2018-07-11,2.48,0.0,28.77,90.6
192,2018-07-12,1.83,0.07,30.53,90.32
193,2018-07-13,2.03,1.53,28.35,90.23
194,2018-07-14,2.06,6.42,25.79,90.08
195,2018-07-15,2.49,2.09,24.38,89.9
196,2018-07-16,5.03,2.93,21.71,90.07
197,2018-07-17,2.61,1.17,21.54,90.29
198,2018-07-18,2.14,0.82,23.88,90.21
199,2018-07-19,2.05,1.34,25.32,90.03
200,2018-07-20,2.99,0.03,26.28,90.01
201,2018-07-21,3.43,0.46,25.28,90.22
202,2018-07-22,1.72,1.21,23.21,90.35
203,2018-07-23,1.35,0.97,22.07,90.21
204,2018-07-24,1.7,0.02,25.55,90.17
205,2018-07-25,2.68,0.0,27.62,90.29
206,2018-07-26,2.97,0.03,28.02,90.47
207,2018-07-27,3.36,0.0,27.57,90.63
208,2018-07-28,3.38,0.0,25.93,90.51
209,2018-07-29,2.75,0.05,26.69,90.38
210,2018-07-30,2.29,0.0,27.83,90.4
211,2018-07-31,2.5,0.06,28.2,90.46
212,2018-08-01,2.32,0.86,27.42,90.48
213,2018-08-02,2.29,0.33,26.5,90.39
214,2018-08-03,1.87,2.7,25.58,90.32
215,2018-08-04,1.61,4.9,22.97,90.46
216,2018-08-05,2.48,0.39,23.95,90.67
217,2018-08-06,2.17,0.9,23.84,90.87
218,2018-08-07,2.34,0.17,24.96,90.74
219,2018-08-08,2.04,0.53,25.49,90.48
220,2018-08-09,2.36,6.5,23.2,90.52
221,2018-08-10,2.37,7.92,20.23,90.84
222,2018-08-11,3.28,5.2,16.81,91.13
223,2018-08-12,2.41,0.91,17.9,90.89
224,2018-08-13,1.59,0.13,21.12,90.63
225,2018-08-14,2.52,0.0,20.44,90.84
226,2018-08-15,2.54,0.0,20.66,90.95
227,2018-08-16,2.66,0.01,21.74,90.91
228,2018-08-17,1.84,0.15,24.34,90.59
229,2018-08-18,1.88,3.05,23.62,90.35
230,2018-08-19,2.3,1.71,20.85,90.57
231,2018-08-20,3.8,1.33,19.32,91.01
232,2018-08-21,2.37,0.8,19.42,91.02
233,2018-08-22,1.34,0.18,20.48,90.89
234,2018-08-23,2.14,0.01,21.84,90.97
235,2018-08-24,2.99,0.01,21.68,91.04
236,2018-08-25,2.22,0.06,21.8,90.81
237,2018-08-26,2.38,0.04,22.43,90.58
238,2018-08-27,2.43,0.1,21.58,90.54
239,2018-08-28,2.56,0.04,21.85,90.76
240,2018-08-29,2.78,0.01,23.06,90.95
241,2018-08-30,2.73,0.08,23.2,90.95
242,2018-08-31,2.37,0.13,22.85,90.99
243,2018-09-01,3.22,0.31,20.93,91.29
244,2018-09-02,3.17,0.0,19.54,91.27
245,2018-09-03,2.82,0.0,19.11,90.98
246,2018-09-04,2.49,0.35,18.89,90.86
247,2018-09-05,2.47,0.04,19.78,90.78
248,2018-09-06,2.81,0.01,19.49,90.54
249,2018-09-07,1.71,0.65,21.25,90.33
250,2018-09-08,2.07,0.65,21.48,90.5
251,2018-09-09,1.98,0.41,20.55,90.75
252,2018-09-10,1.81,1.61,19.64,90.84
253,2018-09-11,2.35,1.71,19.99,90.98
254,2018-09-12,1.84,0.42,20.74,91.32
255,2018-09-13,2.2,0.0,20.62,91.52
256,2018-09-14,1.86,0.1,21.45,91.11
257,2018-09-15,2.04,0.73,22.21,90.68
258,2018-09-16,4.86,0.22,20.96,90.76
259,2018-09-17,5.6,0.87,18.77,90.9
260,2018-09-18,1.47,0.8,17.95,91.19
261,2018-09-19,1.05,0.37,17.41,91.34
262,2018-09-20,2.07,0.06,17.15,91.41
263,2018-09-21,1.86,0.36,17.93,91.24
264,2018-09-22,1.74,1.25,17.16,91.24
265,2018-09-23,1.23,4.76,16.53,91.12
266,2018-09-24,2.01,1.42,18.84,91.14
267,2018-09-25,1.84,0.03,18.96,90.95
268,2018-09-26,4.66,0.8,17.67,91.09
269,2018-09-27,1.62,0.7,14.89,91.58
270,2018-09-28,1.85,0.02,15.9,91.54
271,2018-09-29,1.1,0.07,17.13,91.08
272,2018-09-30,1.59,0.0,18.41,91.1
273,2018-10-01,2.25,0.16,17.68,91.38
274,2018-10-02,1.16,0.8,18.27,91.26
275,2018-10-03,3.62,0.26,18.59,91.08
276,2018-10-04,3.44,0.36,17.8,91.05
277,2018-10-05,6.85,0.94,12.29,91.37
278,2018-10-06,2.7,0.08,9.46,91.99
279,2018-10-07,3.0,0.0,9.18,92.08
280,2018-10-08,1.51,0.0,13.78,91.5
281,2018-10-09,1.03,0.0,16.74,91.22
282,2018-10-10,1.36,0.28,14.08,91.37
283,2018-10-11,1.32,0.01,15.49,91.31
284,2018-10-12,1.62,0.16,15.88,91.48
285,2018-10-13,2.86,0.45,11.27,91.92
286,2018-10-14,0.96,0.07,13.05,91.54
287,2018-10-15,1.01,0.0,13.89,91.51
288,2018-10-16,1.77,0.02,12.33,91.8
289,2018-10-17,1.58,0.0,12.83,91.66
290,2018-10-18,1.23,0.0,13.81,91.37
291,2018-10-19,1.56,0.0,13.2,91.37
292,2018-10-20,0.76,0.0,14.98,91.08
293,2018-10-21,1.25,0.52,16.0,90.91
294,2018-10-22,1.73,2.11,13.63,90.98
295,2018-10-23,3.21,0.67,13.09,90.96
296,2018-10-24,1.66,0.19,14.16,90.38
297,2018-10-25,2.09,0.79,14.97,89.6
298,2018-10-26,3.9,8.52,8.65,90.05
299,2018-10-27,4.16,0.22,7.57,91.42
300,2018-10-28,1.5,0.0,7.5,92.27
301,2018-10-29,1.07,0.0,11.03,92.05
302,2018-10-30,0.96,0.0,12.79,91.84
303,2018-10-31,1.62,0.07,10.61,92.01
304,2018-11-01,3.02,0.56,9.06,92.45
305,2018-11-02,3.52,0.84,5.83,92.68
306,2018-11-03,2.07,0.02,5.85,92.46
307,2018-11-04,1.02,0.0,7.55,91.86
308,2018-11-05,1.24,0.0,9.23,91.13
309,2018-11-06,2.23,0.18,7.03,91.41
310,2018-11-07,1.94,0.63,5.32,91.69
311,2018-11-08,1.14,0.0,6.41,91.43
312,2018-11-09,0.76,0.0,7.73,91.29
313,2018-11-10,0.87,0.0,8.13,91.29
314,2018-11-11,1.22,0.02,7.13,91.42
315,2018-11-12,2.07,0.84,5.74,91.66
316,2018-11-13,1.9,1.0,4.07,91.68
317,2018-11-14,2.87,4.13,1.56,91.39
318,2018-11-15,2.52,7.91,1.79,91.06
319,2018-11-16,1.52,8.01,4.12,91.17
320,2018-11-17,2.32,2.2,4.38,91.45
321,2018-11-18,3.35,0.05,2.73,91.33
322,2018-11-19,1.36,0.0,2.88,91.41
323,2018-11-20,1.59,0.48,5.6,91.14
324,2018-11-21,3.41,1.2,6.17,90.58
325,2018-11-22,1.01,8.06,4.47,90.5
326,2018-11-23,2.87,0.53,4.66,90.77
327,2018-11-24,2.87,1.57,0.33,91.84
328,2018-11-25,1.0,0.01,2.27,91.18
329,2018-11-26,1.95,0.0,4.23,90.82
330,2018-11-27,2.09,0.07,5.43,90.82
331,2018-11-28,2.7,0.2,8.5,90.8
332,2018-11-29,2.42,0.9,9.21,91.01
333,2018-11-30,4.57,12.03,1.16,92.05
334,2018-12-01,2.1,2.72,-0.32,91.5
335,2018-12-02,3.84,0.55,3.71,91.11
336,2018-12-03,1.14,0.07,3.13,91.39
337,2018-12-04,1.69,0.07,3.14,91.29
338,2018-12-05,1.13,1.9,3.69,90.76
339,2018-12-06,2.4,0.09,5.24,90.32
340,2018-12-07,1.2,0.47,4.72,90.4
341,2018-12-08,2.99,0.39,2.81,90.61
342,2018-12-09,1.39,1.02,2.02,91.01
343,2018-12-10,0.55,0.0,2.69,90.79
344,2018-12-11,0.85,0.17,4.49,90.51
345,2018-12-12,1.89,3.23,5.08,90.29
346,2018-12-13,3.68,1.17,1.98,90.59
347,2018-12-14,2.1,0.32,-0.24,91.38
348,2018-12-15,1.55,0.07,1.24,91.52
349,2018-12-16,1.41,0.01,3.23,91.43
350,2018-12-17,2.52,0.02,0.48,91.43
351,2018-12-18,1.45,0.03,0.28,91.33
352,2018-12-19,2.05,0.07,0.32,91.61
353,2018-12-20,1.54,0.05,0.63,91.4
354,2018-12-21,1.33,0.35,2.19,91.39
355,2018-12-22,1.1,0.32,2.02,91.26
356,2018-12-23,1.28,0.0,2.23,90.95
357,2018-12-24,3.97,0.53,2.1,90.65
358,2018-12-25,1.01,0.08,0.37,90.79
359,2018-12-26,1.28,0.55,1.36,90.52
360,2018-12-27,1.88,2.49,-0.18,90.39
361,2018-12-28,4.72,0.78,-1.44,90.43
362,2018-12-29,1.86,0.02,-2.65,91.03
363,2018-12-30,0.79,0.0,-1.2,91.01
364,2018-12-31,1.14,0.22,-0.27,91.03
365,2019-01-01,2.8,0.13,-0.65,91.21
366,2019-01-02,0.95,0.01,-1.75,90.94
367,2019-01-03,1.15,0.0,0.13,90.61
368,2019-01-04,2.11,0.24,2.08,90.83
369,2019-01-05,1.67,0.39,1.9,90.85
370,2019-01-06,1.1,0.05,0.71,90.04
371,2019-01-07,3.58,0.56,0.98,89.96
372,2019-01-08,2.5,0.44,-1.7,90.62
373,2019-01-09,3.91,0.57,-0.85,90.13
374,2019-01-10,3.46,0.09,-0.88,91.09
375,2019-01-11,1.32,0.0,0.7,91.25
376,2019-01-12,2.77,0.0,1.2,90.57
377,2019-01-13,1.91,0.03,0.54,89.99
378,2019-01-14,1.73,0.03,0.98,89.87
379,2019-01-15,1.16,0.05,1.13,90.22
380,2019-01-16,1.63,0.07,2.67,89.9
381,2019-01-17,5.97,1.67,-0.7,89.92
382,2019-01-18,4.69,0.13,-1.76,90.9
383,2019-01-19,3.95,0.0,-1.11,90.88
384,2019-01-20,2.67,0.0,0.23,91.16
385,2019-01-21,0.98,0.0,-0.24,91.15
386,2019-01-22,3.8,0.16,0.9,90.7
387,2019-01-23,2.45,0.06,0.44,90.98
388,2019-01-24,0.74,0.0,0.77,90.91
389,2019-01-25,2.43,0.09,3.0,90.51
390,2019-01-26,1.74,0.02,2.05,90.8
391,2019-01-27,1.27,0.03,3.33,90.39
392,2019-01-28,1.92,0.04,4.85,90.23
393,2019-01-29,3.35,0.07,3.67,90.5
394,2019-01-30,1.23,0.01,2.19,91.04
395,2019-01-31,2.13,0.06,2.8,90.62
396,2019-02-01,1.55,0.06,3.69,90.58
397,2019-02-02,4.88,1.34,3.4,90.73
398,2019-02-03,2.58,0.21,2.62,91.29
399,2019-02-04,1.2,0.0,2.44,91.86
400,2019-02-05,1.19,0.0,1.85,92.01
401,2019-02-06,0.65,0.0,3.68,91.48
402,2019-02-07,2.25,0.04,5.52,90.86
403,2019-02-08,1.88,0.26,7.01,90.74
404,2019-02-09,1.92,3.91,1.87,90.88
405,2019-02-10,1.34,0.47,2.81,90.85
406,2019-02-11,1.05,0.28,2.54,90.98
407,2019-02-12,0.97,0.01,2.23,91.07
408,2019-02-13,1.22,0.0,4.32,91.15
409,2019-02-14,1.34,0.12,2.16,91.03
410,2019-02-15,1.7,3.55,0.73,90.8
411,2019-02-16,5.59,0.66,2.12,90.55
412,2019-02-17,9.97,0.41,1.08,90.56
413,2019-02-18,9.51,0.55,1.56,90.15
414,2019-02-19,7.85,0.32,0.51,90.56
415,2019-02-20,2.02,0.05,-1.3,91.32
416,2019-02-21,2.97,0.0,2.1,90.87
417,2019-02-22,4.13,0.09,1.86,90.79
418,2019-02-23,1.33,0.0,3.59,91.07
419,2019-02-24,3.05,0.02,3.77,91.32
420,2019-02-25,3.68,0.13,2.42,91.2
421,2019-02-26,4.02,0.04,1.48,90.23
422,2019-02-27,1.85,0.77,1.26,89.52
423,2019-02-28,2.85,1.41,0.03,89.5
424,2019-03-01,5.71,0.15,-0.52,89.37
425,2019-03-02,4.37,1.01,1.7,89.6
426,2019-03-03,5.21,0.83,0.22,90.29
427,2019-03-04,1.28,0.0,0.25,90.8
428,2019-03-05,3.01,0.0,3.82,90.8
429,2019-03-06,3.27,0.0,6.0,90.76
430,2019-03-07,4.38,0.51,4.51,90.7
431,2019-03-08,2.44,0.18,4.34,91.63
432,2019-03-09,1.47,0.01,6.02,91.74
433,2019-03-10,1.89,0.0,7.11,90.87
434,2019-03-11,4.79,0.01,6.75,90.6
435,2019-03-12,1.53,0.0,9.53,90.71
436,2019-03-13,2.9,0.01,9.77,90.41
437,2019-03-14,2.88,0.61,9.52,90.45
438,2019-03-15,2.52,0.44,5.34,90.4
439,2019-03-16,2.29,0.13,8.54,90.02
440,2019-03-17,5.42,0.81,6.58,89.95
441,2019-03-18,6.14,2.19,3.71,90.72
442,2019-03-19,1.78,0.56,4.27,91.15
443,2019-03-20,0.86,0.01,6.68,91.03
444,2019-03-21,3.21,0.12,6.35,91.07
445,2019-03-22,5.08,0.32,4.11,91.1
446,2019-03-23,2.4,0.28,3.06,90.64
447,2019-03-24,3.76,1.98,2.89,90.33
448,2019-03-25,3.34,1.0,3.61,90.45
449,2019-03-26,2.26,1.53,1.33,90.68
450,2019-03-27,4.54,0.01,6.29,90.38
451,2019-03-28,6.03,0.29,5.31,90.78
452,2019-03-29,3.01,2.57,3.16,90.93
453,2019-03-30,1.54,4.0,2.55,90.9
454,2019-03-31,3.73,2.1,2.29,91.18
455,2019-04-01,2.23,1.53,2.1,90.33
456,2019-04-02,6.19,0.81,4.59,89.84
457,2019-04-03,4.19,0.46,6.09,90.58
458,2019-04-04,2.09,0.64,5.28,90.95
459,2019-04-05,1.06,0.3,9.4,91.02
460,2019-04-06,2.2,3.2,7.92,90.87
461,2019-04-07,1.43,0.1,11.56,90.59
462,2019-04-08,1.46,0.32,11.26,90.5
463,2019-04-09,1.36,0.0,11.9,90.35
464,2019-04-10,1.09,0.59,13.14,90.43
465,2019-04-11,1.59,1.74,13.14,90.48
466,2019-04-12,3.35,0.73,12.0,90.68
467,2019-04-13,3.5,0.22,12.29,90.81
468,2019-04-14,1.94,0.0,13.53,90.73
469,2019-04-15,1.49,0.03,14.39,90.49
470,2019-04-16,1.37,2.54,12.49,90.31
471,2019-04-17,4.82,13.79,7.5,89.93
472,2019-04-18,5.62,1.48,7.5,90.42
473,2019-04-19,2.34,9.46,4.4,90.66
474,2019-04-20,1.24,8.23,3.55,90.72
475,2019-04-21,3.45,1.54,3.53,90.89
476,2019-04-22,2.35,1.68,3.61,90.89
477,2019-04-23,1.13,0.74,6.97,91.35
478,2019-04-24,2.28,0.12,8.53,91.66
479,2019-04-25,1.55,0.04,10.15,91.63
480,2019-04-26,1.7,0.0,11.35,91.52
481,2019-04-27,1.77,0.07,12.67,91.15
482,2019-04-28,2.16,0.11,13.54,90.7
483,2019-04-29,4.26,0.73,14.4,90.69
484,2019-04-30,3.45,0.17,15.66,90.81
485,2019-05-01,0.78,0.24,16.7,90.77
486,2019-05-02,1.37,0.52,17.25,90.44
487,2019-05-03,3.19,0.48,15.05,90.35
488,2019-05-04,2.7,11.66,11.13,90.56
489,2019-05-05,2.23,2.56,11.52,90.79
490,2019-05-06,1.25,0.12,14.87,90.85
491,2019-05-07,1.24,0.12,16.94,90.57
492,2019-05-08,0.88,0.01,18.71,90.17
493,2019-05-09,3.01,0.96,17.92,90.33
494,2019-05-10,1.07,5.28,17.11,90.45
495,2019-05-11,0.71,2.89,15.39,90.74
496,2019-05-12,1.13,5.89,15.81,91.02
497,2019-05-13,3.39,2.66,15.15,91.11
498,2019-05-14,1.97,0.0,16.22,91.09
499,2019-05-15,1.01,0.02,18.34,91.03
500,2019-05-16,1.4,0.0,19.92,90.82
501,2019-05-17,2.17,0.0,19.99,90.81
502,2019-05-18,2.34,0.15,20.6,90.6
503,2019-05-19,1.35,0.48,21.52,90.39
504,2019-05-20,1.88,5.12,18.37,90.61
505,2019-05-21,2.32,10.03,15.68,91.13
506,2019-05-22,2.04,2.02,15.37,91.09
507,2019-05-23,2.87,0.5,15.14,90.73
508,2019-05-24,2.39,3.25,18.68,90.63
509,2019-05-25,1.97,3.98,18.73,90.69
510,2019-05-26,3.74,0.6,18.03,90.71
511,2019-05-27,4.23,0.44,16.93,91.01
512,2019-05-28,1.77,1.34,16.79,91.28
513,2019-05-29,1.89,0.04,18.85,91.25
514,2019-05-30,1.63,0.03,21.42,91.16
515,2019-05-31,1.93,0.0,21.56,91.15
516,2019-06-01,1.98,0.29,22.6,91.07
517,2019-06-02,2.1,0.49,23.5,91.14
518,2019-06-03,1.55,0.02,22.82,91.04
519,2019-06-04,1.9,2.69,23.88,90.93
520,2019-06-05,2.33,0.91,23.29,90.92
521,2019-06-06,2.28,0.14,23.48,91.01
522,2019-06-07,1.44,0.33,21.45,91.11
523,2019-06-08,1.46,0.5,21.39,91.22
524,2019-06-09,2.16,0.1,23.12,91.21
525,2019-06-10,2.95,0.16,21.67,91.24
526,2019-06-11,2.7,0.51,21.79,90.96
527,2019-06-12,2.35,1.91,23.66,90.5
528,2019-06-13,2.07,2.97,22.89,90.55
529,2019-06-14,1.71,0.46,23.11,90.75
530,2019-06-15,2.65,0.11,23.28,90.8
531,2019-06-16,1.48,0.18,24.45,90.56
532,2019-06-17,1.4,1.42,24.24,90.46
533,2019-06-18,1.52,4.66,22.45,90.53
534,2019-06-19,1.45,12.45,20.63,90.6
535,2019-06-20,1.89,0.88,23.46,90.43
536,2019-06-21,2.93,1.52,23.6,90.52
537,2019-06-22,2.84,0.05,24.19,90.77
538,2019-06-23,2.56,0.21,25.4,90.85
539,2019-06-24,2.03,1.1,26.23,90.85
540,2019-06-25,1.64,0.04,27.01,90.9
541,2019-06-26,2.01,0.68,26.82,90.94
542,2019-06-27,1.32,0.87,24.6,90.71
543,2019-06-28,1.26,1.41,23.06,90.25
544,2019-06-29,3.01,7.67,20.88,90.04
545,2019-06-30,5.43,2.29,17.74,90.3
546,2019-07-01,5.54,0.22,16.8,90.84
547,2019-07-02,2.56,0.0,19.68,91.17
548,2019-07-03,2.09,0.0,22.1,90.88
549,2019-07-04,1.59,0.33,24.71,90.7
550,2019-07-05,2.19,0.3,24.5,90.62
551,2019-07-06,1.61,4.83,21.6,90.44
552,2019-07-07,1.91,0.36,24.04,90.44
553,2019-07-08,1.98,0.23,22.75,90.49
554,2019-07-09,5.49,0.76,23.2,90.33
555,2019-07-10,1.51,0.27,23.68,90.3
556,2019-07-11,2.04,0.37,24.21,90.08
557,2019-07-12,2.97,4.26,23.62,89.97
558,2019-07-13,4.15,2.24,21.2,90.2
559,2019-07-14,2.26,6.38,20.17,90.3
560,2019-07-15,3.33,0.12,21.04,90.23
561,2019-07-16,3.96,0.05,22.83,90.15
562,2019-07-17,2.95,0.74,23.97,90.2
563,2019-07-18,2.09,0.02,25.22,90.27
564,2019-07-19,2.32,1.12,24.66,90.55
565,2019-07-20,2.53,0.27,25.74,90.92
566,2019-07-21,3.11,0.01,26.08,90.87
567,2019-07-22,2.0,0.17,27.41,90.55
568,2019-07-23,2.83,0.24,26.13,90.45
569,2019-07-24,1.93,0.58,26.47,90.25
570,2019-07-25,3.88,0.32,25.76,90.33
571,2019-07-26,5.33,0.49,22.79,90.45
572,2019-07-27,3.01,0.01,22.51,90.23
573,2019-07-28,1.27,0.08,22.69,90.22
574,2019-07-29,2.35,0.02,23.89,90.38
575,2019-07-30,1.07,0.0,27.22,90.22
576,2019-07-31,3.36,0.17,27.91,90.11
577,2019-08-01,4.27,0.25,26.19,90.26
578,2019-08-02,1.96,1.53,23.46,90.33
579,2019-08-03,2.18,0.33,23.62,90.26
580,2019-08-04,2.49,1.04,23.27,90.14
581,2019-08-05,6.37,0.26,21.41,90.21
582,2019-08-06,2.42,0.07,20.85,90.8
583,2019-08-07,2.98,0.0,20.74,91.06
584,2019-08-08,2.86,0.0,20.79,91.12
585,2019-08-09,2.6,0.0,21.0,90.95
586,2019-08-10,2.38,0.05,23.71,90.52
587,2019-08-11,4.24,0.58,23.45,90.7
588,2019-08-12,1.52,0.0,22.59,91.0
589,2019-08-13,2.64,0.0,22.55,91.09
590,2019-08-14,2.78,0.0,23.13,90.98
591,2019-08-15,2.76,0.0,23.95,90.78
592,2019-08-16,2.54,0.1,24.76,90.57
593,2019-08-17,1.54,1.67,25.56,90.45
594,2019-08-18,2.93,0.6,24.03,90.63
595,2019-08-19,2.65,0.0,25.66,90.98
596,2019-08-20,2.84,0.0,25.27,91.19
597,2019-08-21,2.95,0.0,24.89,91.04
598,2019-08-22,3.09,0.0,24.88,90.76
599,2019-08-23,3.86,0.0,25.28,90.77
600,2019-08-24,3.27,0.95,26.18,90.85
601,2019-08-25,1.55,3.46,24.24,90.91
602,2019-08-26,1.88,0.56,23.83,91.07
603,2019-08-27,1.83,0.6,20.62,91.13
604,2019-08-28,2.29,0.16,23.68,90.87
605,2019-08-29,2.03,0.0,22.83,91.09
606,2019-08-30,2.57,2.11,19.1,91.1
607,2019-08-31,2.68,4.23,17.96,90.96
608,2019-09-01,2.59,0.01,17.73,90.93
609,2019-09-02,1.14,1.53,17.23,90.77
610,2019-09-03,1.11,1.44,20.1,90.71
611,2019-09-04,2.39,0.04,19.34,90.76
612,2019-09-05,2.55,0.97,18.41,90.85
613,2019-09-06,1.92,1.64,18.89,90.85
614,2019-09-07,1.81,3.59,19.61,90.58
615,2019-09-08,3.05,7.16,14.7,91.05
616,2019-09-09,3.7,0.51,15.06,91.33
617,2019-09-10,2.87,0.35,13.34,91.35
618,2019-09-11,2.64,0.58,14.02,91.54
619,2019-09-12,2.26,0.08,15.01,91.53
620,2019-09-13,2.27,0.0,15.12,91.42
621,2019-09-14,2.22,0.0,15.56,91.37
622,2019-09-15,1.16,0.09,15.9,91.3
623,2019-09-16,2.13,0.72,17.65,91.13
624,2019-09-17,3.0,2.27,18.83,90.71
625,2019-09-18,3.28,0.2,18.72,90.97
626,2019-09-19,2.19,0.0,19.76,91.08
627,2019-09-20,2.44,0.0,18.02,90.84
628,2019-09-21,5.92,1.01,14.33,90.5
629,2019-09-22,3.92,0.15,11.07,91.22
630,2019-09-23,1.16,0.0,13.34,91.11
631,2019-09-24,1.6,0.0,14.86,90.99
632,2019-09-25,1.43,0.0,18.02,90.73
633,2019-09-26,2.31,0.06,18.23,90.73
634,2019-09-27,1.5,0.57,17.36,90.87
635,2019-09-28,4.35,3.93,15.49,90.76
636,2019-09-29,1.8,0.73,15.09,90.97
637,2019-09-30,1.1,0.93,14.85,91.0
638,2019-10-01,1.83,0.0,15.9,90.8
639,2019-10-02,2.16,0.0,17.33,91.03
640,2019-10-03,2.21,0.03,17.42,91.0
641,2019-10-04,1.03,0.05,17.9,90.96
642,2019-10-05,2.05,0.0,17.81,90.76
643,2019-10-06,1.38,0.27,19.04,90.04
644,2019-10-07,4.33,1.6,14.92,90.66
645,2019-10-08,1.79,0.0,15.29,91.28
646,2019-10-09,3.38,0.59,15.55,91.41
647,2019-10-10,2.11,0.01,13.43,91.65
648,2019-10-11,1.36,0.09,16.33,91.2
649,2019-10-12,5.25,0.69,14.34,91.35
650,2019-10-13,1.95,0.0,11.78,92.03
651,2019-10-14,1.37,0.0,14.03,91.95
652,2019-10-15,1.25,0.0,15.83,91.6
653,2019-10-16,0.87,0.0,18.09,91.31
654,2019-10-17,1.84,0.0,15.56,91.52
655,2019-10-18,0.81,0.0,16.82,91.23
656,2019-10-19,1.01,0.0,17.21,91.19
657,2019-10-20,1.64,0.04,15.36,91.44
658,2019-10-21,2.3,0.07,13.98,91.57
659,2019-10-22,1.63,0.0,12.93,91.45
660,2019-10-23,0.97,0.0,12.71,91.36
661,2019-10-24,1.57,0.0,12.27,91.39
662,2019-10-25,1.46,0.0,12.17,91.23
663,2019-10-26,1.03,0.0,12.48,91.23
664,2019-10-27,0.89,0.0,13.23,91.25
665,2019-10-28,1.17,0.0,12.25,90.97
666,2019-10-29,1.85,0.0,12.82,90.63
667,2019-10-30,3.58,0.11,11.71,90.76
668,2019-10-31,1.69,1.46,10.26,90.93
669,2019-11-01,2.09,3.84,8.82,90.72
670,2019-11-02,5.05,8.07,4.84,90.8
671,2019-11-03,2.27,0.0,3.28,91.6
672,2019-11-04,1.64,0.0,4.71,91.76
673,2019-11-05,1.16,0.0,7.22,91.46
674,2019-11-06,1.79,0.0,11.22,91.13
675,2019-11-07,1.08,0.0,12.12,91.27
676,2019-11-08,0.74,0.0,11.85,91.41
677,2019-11-09,1.11,0.0,11.5,91.55
678,2019-11-10,1.82,0.0,9.02,91.76
679,2019-11-11,0.99,0.0,9.87,91.61
680,2019-11-12,1.08,0.0,10.78,91.61
681,2019-11-13,1.54,0.01,8.4,91.62
682,2019-11-14,1.53,0.42,6.51,91.7
683,2019-11-15,1.96,0.05,5.58,91.93
684,2019-11-16,2.11,0.0,2.75,92.13
685,2019-11-17,1.26,0.0,2.5,92.09
686,2019-11-18,1.16,0.0,3.82,91.81
687,2019-11-19,1.39,0.0,5.94,91.5
688,2019-11-20,1.49,0.13,5.02,91.34
689,2019-11-21,2.84,2.31,1.38,91.51
690,2019-11-22,2.65,1.73,-0.71,91.86
691,2019-11-23,2.39,0.38,-2.68,92.03
692,2019-11-24,1.64,0.0,-2.31,91.86
693,2019-11-25,1.57,0.0,-1.1,91.56
694,2019-11-26,1.91,0.14,0.24,91.34
695,2019-11-27,1.57,2.23,2.27,90.92
696,2019-11-28,1.86,0.12,4.85,90.8
697,2019-11-29,1.74,0.02,5.55,90.88
698,2019-11-30,2.45,0.34,5.22,90.66
699,2019-12-01,1.46,2.02,5.31,90.6
700,2019-12-02,4.82,1.4,2.65,90.94
701,2019-12-03,1.57,0.3,-0.33,91.13
702,2019-12-04,3.89,0.63,2.0,90.82
703,2019-12-05,1.73,0.36,-1.0,91.61
704,2019-12-06,1.15,0.0,-0.81,91.96
705,2019-12-07,1.27,0.0,-0.19,91.5
706,2019-12-08,1.32,0.0,1.5,90.64
707,2019-12-09,3.74,0.0,2.29,90.6
708,2019-12-10,0.82,0.0,1.25,90.98
709,2019-12-11,1.04,0.01,2.15,90.93
710,2019-12-12,1.2,0.0,0.47,90.99
711,2019-12-13,1.73,0.06,0.22,90.69
712,2019-12-14,0.73,0.01,2.45,90.86
713,2019-12-15,1.41,0.01,4.74,90.87
714,2019-12-16,4.99,0.25,5.1,91.23
715,2019-12-17,1.73,0.0,4.2,91.77
716,2019-12-18,2.56,0.0,4.49,91.83
717,2019-12-19,5.46,0.0,6.86,91.63
718,2019-12-20,4.46,0.0,6.3,91.43
719,2019-12-21,0.84,0.0,3.9,91.39
720,2019-12-22,1.37,0.0,5.89,90.9
721,2019-12-23,0.62,0.0,5.65,90.7
722,2019-12-24,1.46,0.0,4.18,90.44
723,2019-12-25,1.26,0.05,5.49,90.3
724,2019-12-26,1.8,2.14,5.87,89.97
725,2019-12-27,1.5,0.4,3.93,90.0
726,2019-12-28,3.48,0.32,3.02,90.41
727,2019-12-29,1.35,0.14,2.42,91.12
728,2019-12-30,1.1,0.1,2.23,91.32
729,2019-12-31,1.55,0.13,2.79,90.85
730,2020-01-01,2.96,0.45,1.41,90.41
731,2020-01-02,3.53,0.52,0.66,90.89
732,2020-01-03,1.71,0.14,-0.67,91.31
733,2020-01-04,1.63,0.04,-1.32,90.89
734,2020-01-05,1.81,0.01,0.47,90.43
735,2020-01-06,0.97,0.0,0.61,91.04
736,2020-01-07,0.6,0.0,0.72,91.08
737,2020-01-08,1.03,0.0,2.37,90.65
738,2020-01-09,2.66,0.4,1.15,90.64
739,2020-01-10,3.95,0.64,-0.29,90.86
740,2020-01-11,4.04,0.27,-0.77,91.09
741,2020-01-12,2.23,0.83,0.06,90.74
742,2020-01-13,4.76,0.58,-0.71,91.05
743,2020-01-14,1.86,0.0,0.09,91.56
744,2020-01-15,1.68,0.23,0.54,91.59
745,2020-01-16,2.13,1.14,-1.81,92.12
746,2020-01-17,1.37,0.33,-2.56,91.49
747,2020-01-18,2.51,0.0,-1.44,90.96
748,2020-01-19,2.13,0.18,-2.46,91.31
749,2020-01-20,1.31,0.12,-2.37,91.57
750,2020-01-21,3.39,0.21,-1.72,91.35
751,2020-01-22,5.75,0.2,-1.61,91.06
752,2020-01-23,4.89,0.4,-0.87,90.14
753,2020-01-24,6.91,0.64,-3.02,90.88
754,2020-01-25,2.94,0.05,-3.47,91.44
755,2020-01-26,6.35,0.02,-0.49,91.07
756,2020-01-27,1.55,0.02,0.31,91.46
757,2020-01-28,0.56,0.03,2.02,91.01
758,2020-01-29,2.49,1.44,3.02,90.58
759,2020-01-30,3.04,0.01,3.23,90.45
760,2020-01-31,2.43,3.23,1.71,89.99
761,2020-02-01,5.23,5.63,-0.68,90.08
762,2020-02-02,4.86,0.07,-0.31,90.75
763,2020-02-03,3.74,0.05,1.59,90.58
764,2020-02-04,5.21,0.9,0.9,89.87
765,2020-02-05,1.49,0.17,1.1,90.43
766,2020-02-06,2.71,0.0,5.04,90.36
767,2020-02-07,3.0,0.97,4.68,89.8
768,2020-02-08,5.59,2.53,-0.45,89.56
769,2020-02-09,6.71,1.1,-6.87,90.49
770,2020-02-10,2.34,0.0,-7.23,91.27
771,2020-02-11,1.83,0.01,-6.06,90.74
772,2020-02-12,4.05,0.17,-3.05,90.24
773,2020-02-13,3.51,0.88,-1.49,90.76
774,2020-02-14,5.04,0.27,-2.44,91.46
775,2020-02-15,1.84,0.0,-3.15,91.73
776,2020-02-16,0.77,0.0,0.74,91.57
777,2020-02-17,2.48,1.82,-1.49,92.0
778,2020-02-18,1.53,0.47,-0.13,91.88
779,2020-02-19,0.89,0.0,3.62,91.06
780,2020-02-20,1.16,0.11,4.65,90.53
781,2020-02-21,0.84,0.05,4.61,90.68
782,2020-02-22,1.4,0.42,3.94,91.04
783,2020-02-23,2.97,0.38,3.46,91.09
784,2020-02-24,2.13,0.01,4.51,90.52
785,2020-02-25,6.51,0.43,1.56,90.28
786,2020-02-26,2.07,0.01,0.79,90.99
787,2020-02-27,0.97,0.0,5.53,90.93
788,2020-02-28,4.14,0.06,7.11,90.42
789,2020-02-29,2.6,2.99,4.84,90.38
790,2020-03-01,4.69,3.78,4.49,90.47
791,2020-03-02,2.26,1.54,3.06,91.08
792,2020-03-03,1.6,0.06,5.55,91.3
793,2020-03-04,1.09,0.0,8.37,91.33
794,2020-03-05,1.03,0.0,9.53,90.98
795,2020-03-06,1.89,0.08,8.38,90.89
796,2020-03-07,2.82,0.15,7.44,91.38
797,2020-03-08,1.29,0.03,9.06,91.58
798,2020-03-09,1.72,0.0,8.76,91.55
799,2020-03-10,1.61,0.0,8.71,91.09
800,2020-03-11,3.79,0.29,11.78,90.97
801,2020-03-12,4.33,0.12,11.65,91.01
802,2020-03-13,2.85,0.86,10.64,91.03
803,2020-03-14,2.59,6.32,9.16,90.35
804,2020-03-15,3.1,0.83,9.43,90.52
805,2020-03-16,3.96,14.08,4.59,90.83
806,2020-03-17,3.31,10.25,0.9,91.31
807,2020-03-18,3.81,10.55,-0.13,91.06
808,2020-03-19,1.57,2.71,2.83,90.53
809,2020-03-20,1.12,0.11,4.67,90.55
810,2020-03-21,1.76,1.54,4.33,90.87
811,2020-03-22,1.95,2.26,4.88,90.96
812,2020-03-23,1.5,0.03,7.93,90.88
